accuracy,precision,recall,f1,brier,tp,tn,fp,fn,auc_roc,lift_top_10pct,train_rows,validation_rows,train_churn_rate,validation_churn_rate,validation_snapshot,target,model
0.7002737850787132,0.9491158855404506,0.7220213342975954,0.820138418253137,0.24101531792652908,39935,989,2141,15375,0.5318249390741583,1.0139215331766407,146361,58440,0.9885761917450687,0.9464407939767283,15,No purchase in next 2 quarters,LogisticRegressionGD
