Target,Quarter_Num,Quarter_Average,Seasonal_Index
Revenue,1,15804685.8,1.1745992433486812
Revenue,2,7168870.75,0.5327882037752685
Revenue,3,7426242.5,0.5519159907262325
Revenue,4,22834418.5,1.6970467513126473
Profit,1,2370066.4,1.1745990295384285
Profit,2,1075035.75,0.5327850513678084
Profit,3,1113626.75,0.5519106552533862
Profit,4,3424261.5,1.69705550645577
